City_ID,City,Country,Lat,Lng,Max Temp,Humidity,Cloudiness,Wind Speed,Current Description
0,Colon,PA,9.3592,-79.9014,78.37,88,100,1.9,overcast clouds
1,Tasiilaq,GL,65.6145,-37.6368,42.96,90,98,3.71,overcast clouds
2,Bengkulu,ID,-3.8004,102.2655,84.07,62,86,9.84,overcast clouds
3,Derzhavinsk,KZ,51.1,66.3167,79.66,39,38,12.08,scattered clouds
4,Butaritari,KI,3.0707,172.7902,82.54,77,29,15.39,light rain
5,Vaini,TO,-21.2,-175.2,75.36,83,40,9.22,scattered clouds
6,Hithadhoo,MV,-0.6,73.0833,82.78,74,94,6.04,heavy intensity rain
7,Sechura,PE,-5.5569,-80.8222,62.64,80,93,11.65,overcast clouds
8,Lebu,CL,-37.6167,-73.65,47.01,86,28,8.63,scattered clouds
9,Brunico,IT,46.7958,11.9364,65.66,68,48,2.33,scattered clouds
10,Albany,US,42.6001,-73.9662,57.16,81,1,4.54,clear sky
11,Candolim,IN,15.5181,73.7626,80.6,89,100,8.05,overcast clouds
12,Banepa,NP,27.6298,85.5214,80.92,61,20,2.3,few clouds
13,Tiksi,RU,71.6872,128.8694,58.15,47,81,6.85,broken clouds
14,Xining,CN,36.6167,101.7667,78.8,41,80,11.39,broken clouds
15,Khatanga,RU,71.9667,102.5,52.56,72,100,9.17,overcast clouds
16,Port Alfred,ZA,-33.5906,26.891,59.18,84,18,1.99,few clouds
17,Castro,BR,-24.7911,-50.0119,52.03,88,56,4.29,broken clouds
18,Kaka,TM,37.3482,59.6143,91.0,14,0,5.79,clear sky
19,Hermanus,ZA,-34.4187,19.2345,47.8,77,67,2.77,light rain
20,Punta Arenas,CL,-53.15,-70.9167,24.91,80,20,9.22,few clouds
21,Yaan,NG,7.3833,8.5667,71.49,97,100,4.85,overcast clouds
22,Tougue,GN,11.4667,-11.6,67.62,95,100,2.37,light rain
23,Opuwo,NA,-18.0607,13.84,52.39,65,0,3.74,clear sky
24,Jamestown,US,42.097,-79.2353,58.71,65,0,5.75,clear sky
25,Yankton,US,42.8711,-97.3973,78.12,83,0,12.66,clear sky
26,Bredasdorp,ZA,-34.5322,20.0403,48.63,86,9,4.63,clear sky
27,Qaanaaq,GL,77.484,-69.3632,42.08,79,42,5.55,scattered clouds
28,Cape Town,ZA,-33.9258,18.4232,55.11,93,75,4.61,broken clouds
29,Airai,TL,-8.9266,125.4092,65.5,78,76,3.91,broken clouds
30,Magaria,NE,12.9983,8.9099,80.49,59,84,6.08,broken clouds
31,Barrow,US,71.2906,-156.7887,46.42,76,40,9.22,scattered clouds
32,Puerto Ayora,EC,-0.7393,-90.3518,71.55,88,93,1.99,overcast clouds
33,Yushu,CN,44.8,126.5333,78.58,65,49,10.16,scattered clouds
34,Amuntai,ID,-2.4177,115.2494,91.45,52,68,1.72,broken clouds
35,Vao,NC,-22.6667,167.4833,76.82,74,98,17.27,overcast clouds
36,La Rochelle,FR,46.1667,-1.15,68.07,68,0,13.8,clear sky
37,Busselton,AU,-33.65,115.3333,58.57,63,82,16.62,broken clouds
38,Kapaa,US,22.0752,-159.319,80.58,81,75,14.97,broken clouds
39,Norman Wells,CA,65.282,-126.8329,75.24,50,75,3.44,smoke
40,Eunice,US,30.4944,-92.4176,82.98,91,34,6.33,scattered clouds
41,Kodinsk,RU,58.6881,99.1844,66.27,66,100,3.49,overcast clouds
42,Mgandu,TZ,-5.95,34.1333,60.35,54,0,11.16,clear sky
43,Erenhot,CN,43.6475,111.9767,85.62,17,41,7.14,scattered clouds
44,San-Pedro,CI,4.7485,-6.6363,74.7,84,100,7.38,light rain
45,Saint George,US,37.1041,-113.5841,93.79,20,0,0.0,clear sky
46,Ushuaia,AR,-54.8,-68.3,31.66,80,75,20.71,light snow
47,Rikitea,PF,-23.1203,-134.9692,73.27,77,40,3.15,light rain
48,Carnarvon,AU,-24.8667,113.6333,67.6,68,100,16.69,overcast clouds
49,Daru,PG,-9.0763,143.2092,78.91,88,70,15.95,broken clouds
50,Buinsk,RU,54.95,48.2833,74.8,67,87,7.54,overcast clouds
51,Nikolskoye,RU,59.7035,30.7861,69.87,66,95,1.74,overcast clouds
52,Poronaysk,RU,49.2167,143.1167,61.72,84,82,11.21,broken clouds
53,Kodiak,US,57.79,-152.4072,53.11,87,100,13.8,light rain
54,Hobart,AU,-42.8794,147.3294,53.46,66,20,8.05,few clouds
55,Beringovskiy,RU,63.05,179.3167,49.3,93,100,4.23,light rain
56,Dalby,AU,-27.1833,151.2667,58.8,46,0,6.67,clear sky
57,San Mateo Del Mar,MX,16.2,-95.0,81.55,75,5,21.88,clear sky
58,Hilo,US,19.7297,-155.09,75.27,92,40,3.0,light rain
59,Hilton Head Island,US,32.2163,-80.7526,75.97,95,0,0.0,clear sky
60,Misratah,LY,32.3754,15.0925,79.02,58,1,4.99,clear sky
61,Saskylakh,RU,71.9167,114.0833,56.35,59,97,7.58,overcast clouds
62,Grand Gaube,MU,-20.0064,57.6608,72.37,63,76,11.01,broken clouds
63,Leh,IN,34.1667,77.5833,69.75,36,63,6.67,broken clouds
64,Inhambane,MZ,-23.865,35.3833,67.28,75,0,5.37,clear sky
65,Samarai,PG,-10.6167,150.6667,83.21,70,26,9.8,scattered clouds
66,Prince George,CA,53.9166,-122.753,56.64,94,100,8.05,overcast clouds
67,Ribeira Grande,PT,38.5167,-28.7,67.26,77,44,6.35,scattered clouds
68,Avarua,CK,-21.2078,-159.775,73.45,64,20,6.91,few clouds
69,Talara,PE,-4.5772,-81.2719,63.77,83,86,16.78,overcast clouds
70,Katsuura,JP,35.1333,140.3,78.62,82,53,10.27,broken clouds
71,Havoysund,NO,70.9963,24.6622,52.03,76,24,6.71,few clouds
72,Sur,OM,22.5667,59.5289,83.12,80,92,10.31,light rain
73,Mahebourg,MU,-20.4081,57.7,72.25,77,75,14.97,broken clouds
74,Luderitz,NA,-26.6481,15.1594,55.27,88,73,5.14,light rain
75,Yulara,AU,-25.2406,130.9889,64.33,21,0,8.66,clear sky
76,Saint-Philippe,RE,-21.3585,55.7679,71.22,72,79,15.9,broken clouds
77,Yellowknife,CA,62.456,-114.3525,61.32,94,75,3.44,broken clouds
78,Gorontalo,ID,0.5412,123.0595,81.73,81,87,3.02,moderate rain
79,Ola,RU,59.5833,151.2833,77.14,70,32,8.77,scattered clouds
80,Port Lincoln,AU,-34.7333,135.8667,58.66,53,100,17.05,overcast clouds
81,Shache,CN,38.4167,77.2406,89.1,18,90,9.46,overcast clouds
82,Tateyama,JP,34.9833,139.8667,77.72,85,55,11.12,broken clouds
83,Petatlan,MX,17.5167,-101.2667,78.53,91,79,2.28,broken clouds
84,Mataura,NZ,-46.1927,168.8643,43.48,93,15,1.59,few clouds
85,Bunia,CD,1.5667,30.25,67.93,79,78,4.81,broken clouds
86,Sampit,ID,-2.5333,112.95,85.96,69,55,4.34,broken clouds
87,Mount Isa,AU,-20.7333,139.5,69.57,21,0,12.66,clear sky
88,Pisco,PE,-13.7,-76.2167,62.65,82,100,4.61,mist
89,Camaguey,CU,21.3808,-77.9169,74.12,95,52,6.11,broken clouds
90,Omboue,GA,-1.5746,9.2618,69.3,88,69,4.9,broken clouds
91,Puerto Madryn,AR,-42.7692,-65.0385,49.64,51,100,11.21,overcast clouds
92,Tabuk,PH,17.4189,121.4443,90.03,61,95,3.83,overcast clouds
93,Nador,MA,35.174,-2.9287,73.65,83,40,4.61,scattered clouds
94,Baruun-Urt,MN,46.6806,113.2792,77.11,29,67,8.19,broken clouds
95,Ust-Ilimsk,RU,58.0006,102.6619,77.11,32,81,4.23,broken clouds
96,Komsomolskiy,UZ,40.4272,71.7189,84.92,21,55,4.61,broken clouds
97,Newport,GB,51.5877,-2.9984,61.52,78,0,5.46,clear sky
98,Yerbogachen,RU,61.2767,108.0108,73.35,35,5,4.88,clear sky
99,Port Elizabeth,ZA,-33.918,25.5701,60.31,84,0,11.5,clear sky
100,Geraldton,AU,-28.7667,114.6,61.21,82,40,13.8,scattered clouds
101,Santa Vitoria Do Palmar,BR,-33.5189,-53.3681,60.24,93,54,11.68,broken clouds
102,San Cristobal,VE,7.7669,-72.225,73.58,98,100,3.78,overcast clouds
103,Cabedelo,BR,-6.9811,-34.8339,72.27,83,25,14.25,scattered clouds
104,Dikson,RU,73.5069,80.5464,32.36,97,95,7.7,overcast clouds
105,Hualmay,PE,-11.0964,-77.6139,60.62,87,82,9.06,broken clouds
106,Ponta Delgada,PT,37.7333,-25.6667,67.5,77,75,9.22,broken clouds
107,Mar Del Plata,AR,-38.0023,-57.5575,56.08,96,100,8.01,mist
108,Longyearbyen,SJ,78.2186,15.6401,42.64,87,75,16.11,broken clouds
109,Mareeba,AU,-17.0,145.4333,75.43,63,5,3.91,clear sky
110,New Norfolk,AU,-42.7826,147.0587,53.1,75,3,1.66,clear sky
111,Nieuw Amsterdam,SR,5.8833,-55.0833,77.02,93,100,4.07,overcast clouds
112,Morondava,MG,-20.2833,44.2833,71.67,46,0,10.22,clear sky
113,Sao Bernardo,BR,-3.3614,-42.4178,72.14,92,20,2.33,few clouds
114,Clarence Town,AU,-32.5833,151.7833,56.8,93,98,1.61,light rain
115,Grootfontein,NA,-19.5667,18.1167,52.66,46,0,6.13,clear sky
116,Sandwick,GB,60.0,-1.25,53.42,100,100,12.66,mist
117,Sangin,AF,32.0728,64.8359,97.18,25,0,6.62,clear sky
118,Te Anau,NZ,-45.4167,167.7167,34.75,88,26,3.24,scattered clouds
119,Asau,RO,46.4333,26.4,67.28,62,87,1.5,overcast clouds
120,Taltal,CL,-25.4,-70.4833,55.85,80,79,2.89,broken clouds
121,Ilulissat,GL,69.2167,-51.1,34.81,93,97,4.68,overcast clouds
122,Bluff,NZ,-46.6,168.3333,43.81,73,39,2.44,scattered clouds
123,Pierre,US,44.3683,-100.351,79.86,75,0,13.8,clear sky
124,Bulgan,MN,48.8125,103.5347,66.11,61,100,9.31,overcast clouds
125,Roald,NO,62.5833,6.1333,54.75,87,75,5.75,broken clouds
126,Arman,RU,59.7,150.1667,77.02,68,30,6.6,scattered clouds
127,Esperance,AU,-33.8667,121.9,60.93,54,4,22.62,clear sky
128,Labuhan,ID,-6.8844,112.2051,85.91,55,22,4.72,few clouds
129,East London,ZA,-33.0153,27.9116,59.94,77,0,9.22,clear sky
130,Atuona,PF,-9.8,-139.0333,77.67,78,14,15.97,few clouds
131,Lompoc,US,34.6391,-120.4579,59.52,89,100,14.0,mist
132,Marawi,PH,7.9986,124.2928,75.96,84,96,6.76,overcast clouds
133,Ancud,CL,-41.8697,-73.8203,44.22,88,100,12.77,moderate rain
134,Praya,CV,14.9215,-23.5087,75.74,83,75,10.36,broken clouds
135,Georgetown,MY,5.4112,100.3354,87.75,78,20,2.3,heavy intensity rain
136,Ornskoldsvik,SE,63.2909,18.7153,56.35,94,100,8.05,overcast clouds
137,Dongsheng,CN,39.8161,109.9776,80.29,27,1,11.05,clear sky
138,Adrar,MR,20.5022,-10.0711,91.26,19,0,7.83,clear sky
139,Gamba,GA,-2.65,10.0,68.18,90,63,3.42,broken clouds
140,Makakilo City,US,21.3469,-158.0858,82.72,63,0,20.71,clear sky
141,Linxia,CN,35.6003,103.2064,87.12,40,85,8.39,overcast clouds
142,Torbay,CA,47.6666,-52.7314,54.75,91,20,13.8,few clouds
143,Ferrol,ES,43.4832,-8.2369,67.68,92,81,4.25,broken clouds
144,Bull Savanna,JM,17.8868,-77.5902,76.05,71,100,6.8,overcast clouds
145,Miracema Do Tocantins,BR,-9.5618,-48.3967,70.09,43,2,3.11,clear sky
146,High Rock,BS,26.6208,-78.2833,82.42,72,2,12.8,clear sky
147,Fortuna,US,40.5982,-124.1573,60.91,89,100,3.0,overcast clouds
148,Praia,CV,14.9215,-23.5087,75.74,83,75,10.36,broken clouds
149,Caravelas,BR,-17.7125,-39.2481,69.91,86,31,6.24,scattered clouds
150,Cabo San Lucas,MX,22.8909,-109.9124,86.5,42,41,3.0,scattered clouds
151,Bambous Virieux,MU,-20.3428,57.7575,72.21,77,75,14.97,broken clouds
152,Dothan,US,31.2232,-85.3905,75.4,96,53,6.93,broken clouds
153,Olinda,BR,-8.0089,-34.8553,76.73,78,100,11.5,overcast clouds
154,Iquitos,PE,-3.7481,-73.2472,73.44,100,75,4.61,broken clouds
155,Aksarka,RU,66.5606,67.7975,70.36,43,61,15.97,broken clouds
156,Akhmeta,GE,42.0311,45.2075,79.32,31,70,2.1,broken clouds
157,Tezu,IN,27.9167,96.1667,94.71,55,11,4.07,few clouds
158,Ponta Do Sol,PT,32.6667,-17.1,68.63,65,2,3.33,clear sky
159,Pasni,PK,25.2631,63.471,84.16,78,48,4.76,scattered clouds
160,Nanortalik,GL,60.1432,-45.2371,40.5,95,72,8.52,broken clouds
161,Panzhihua,CN,26.5851,101.7128,92.43,42,9,3.0,clear sky
162,Sao Filipe,CV,14.8961,-24.4956,73.29,84,46,6.73,scattered clouds
163,Trairi,BR,-3.2778,-39.2689,75.56,83,71,11.27,broken clouds
164,Katherine,AU,-14.4667,132.2667,77.32,23,5,9.22,clear sky
165,La Ronge,CA,55.1001,-105.2842,62.85,67,20,3.44,few clouds
166,Thompson,CA,55.7435,-97.8558,59.16,100,75,0.0,broken clouds
167,Upernavik,GL,72.7868,-56.1549,37.81,89,41,4.72,scattered clouds
168,Ngunguru,NZ,-35.6167,174.5,60.66,83,100,6.02,moderate rain
169,Wanaka,NZ,-44.7,169.15,30.25,84,97,2.91,overcast clouds
170,Les Cayes,HT,18.2,-73.75,77.5,78,99,3.65,overcast clouds
171,Wanning,CN,18.8003,110.3967,84.49,85,85,9.84,overcast clouds
172,Sitka,US,57.0531,-135.33,57.09,88,75,0.0,broken clouds
173,Honiara,SB,-9.4333,159.95,83.26,72,62,2.86,broken clouds
174,Almeirim,BR,-1.5233,-52.5817,72.03,95,5,1.81,clear sky
175,Severo-Kurilsk,RU,50.6789,156.125,61.47,80,93,9.71,overcast clouds
176,Nantucket,US,41.2835,-70.0995,61.02,88,0,0.0,clear sky
177,Kyshtovka,RU,56.555,76.6271,79.68,59,32,2.82,scattered clouds
178,Mackay,AU,-21.15,149.2,67.68,50,0,11.12,clear sky
179,Bayji,IQ,34.9311,43.487,96.78,24,0,20.02,clear sky
180,Hasaki,JP,35.7333,140.8333,88.2,81,75,13.94,broken clouds
181,Tuktoyaktuk,CA,69.4541,-133.0374,50.0,93,100,10.36,fog
182,Kabompo,ZM,-13.5927,24.2008,55.56,64,3,6.96,clear sky
183,Siocon,PH,7.7061,122.1353,79.56,85,100,3.06,overcast clouds
184,Mafinga,TZ,-7.25,35.0667,65.43,48,0,5.37,clear sky
185,Elizabeth City,US,36.2946,-76.2511,74.01,96,100,13.8,overcast clouds
186,Syracuse,IT,37.0881,15.2792,72.99,60,0,4.92,clear sky
187,Henties Bay,NA,-22.116,14.2845,53.87,86,0,9.98,clear sky
188,Carauari,BR,-4.8828,-66.8958,71.58,97,85,2.73,overcast clouds
189,Zapotiltic,MX,19.6167,-103.4333,65.43,96,100,1.7,overcast clouds
190,Chapais,CA,49.7834,-74.8492,44.38,66,2,3.58,clear sky
191,Kyabe,TD,9.4515,18.9449,74.26,86,96,5.17,overcast clouds
192,Cacoal,BR,-11.4386,-61.4472,72.14,67,14,3.56,few clouds
193,Kilindoni,TZ,-7.9139,39.6668,75.27,72,15,11.36,light rain
194,Tevriz,RU,57.509,72.4042,83.95,42,82,3.51,broken clouds
195,Souillac,MU,-20.5167,57.5167,68.38,77,75,14.97,broken clouds
196,Flinders,AU,-34.5833,150.8552,56.17,87,75,4.0,light rain
197,Fairbanks,US,64.8378,-147.7164,68.0,75,20,0.0,haze
198,Rocha,UY,-34.4833,-54.3333,64.63,86,37,14.23,scattered clouds
199,Faanui,PF,-16.4833,-151.75,78.3,72,72,19.89,broken clouds
200,Cururupu,BR,-1.8283,-44.8683,72.18,97,20,1.95,few clouds
201,Lyngseidet,NO,69.5763,20.2189,57.2,75,36,2.59,scattered clouds
202,Boysun,UZ,38.2061,67.1986,85.64,16,1,7.87,clear sky
203,Olafsvik,IS,64.8945,-23.7142,51.22,94,100,19.42,overcast clouds
204,Bethel,US,41.3712,-73.414,68.31,72,0,3.44,clear sky
205,Lawrence,US,38.9717,-95.2353,74.61,83,0,0.0,clear sky
206,Cayenne,GF,4.9333,-52.3333,74.08,1,75,4.61,broken clouds
207,Aktash,RU,50.3,87.7333,54.12,68,91,4.65,overcast clouds
208,Rawson,AR,-43.3002,-65.1023,47.35,72,100,18.3,overcast clouds
209,Hirara,JP,24.8,125.2833,89.87,74,75,10.36,broken clouds
210,Soyo,AO,-6.1349,12.3689,70.68,82,94,7.34,overcast clouds
211,Ukiah,US,39.1502,-123.2078,69.69,67,0,0.0,clear sky
212,Lorengau,PG,-2.0226,147.2712,84.24,70,92,9.6,overcast clouds
213,Clyde River,CA,70.4692,-68.5914,35.83,93,0,3.44,clear sky
214,Timbiqui,CO,2.7717,-77.6654,74.52,96,98,4.21,light rain
215,Malumfashi,NG,11.7853,7.6218,72.27,87,100,11.68,overcast clouds
216,Bundaberg,AU,-24.85,152.35,61.74,64,25,7.0,scattered clouds
217,Laguna,US,38.421,-121.4238,76.32,61,0,6.91,clear sky
218,Marshfield,US,44.6689,-90.1718,63.48,82,0,4.61,clear sky
219,Sjovegan,NO,68.8726,17.8474,59.22,77,82,2.59,broken clouds
220,Saint-Pierre,RE,-21.3393,55.4781,72.91,63,0,20.71,clear sky
221,Ahipara,NZ,-35.1667,173.1667,58.53,85,100,5.41,light rain
222,Ploemeur,FR,47.7333,-3.4333,64.81,76,0,10.36,clear sky
223,Skala Fourkas,GR,39.9998,23.3841,71.55,67,54,18.37,broken clouds
224,Ararat,AM,39.8317,44.7049,80.94,32,2,2.01,clear sky
225,Galesong,ID,-5.3166,119.3661,86.02,77,93,8.66,overcast clouds
226,Angoram,PG,-4.0625,144.0661,82.69,74,99,5.28,overcast clouds
227,Tigil,RU,57.8,158.6667,77.86,61,36,6.49,scattered clouds
228,Sinnamary,GF,5.3833,-52.95,75.38,89,99,3.33,light rain
229,Leningradskiy,RU,69.3833,178.4167,37.9,89,100,15.41,light rain
230,Acarau,BR,-2.8856,-40.12,77.32,80,94,13.62,overcast clouds
231,Dingle,PH,10.9995,122.6711,84.18,77,89,16.26,overcast clouds
232,Gushikawa,JP,26.3544,127.8686,91.4,80,40,11.5,scattered clouds
233,Qui Nhon,VN,13.7667,109.2333,88.16,64,99,3.15,overcast clouds
234,Sucua,EC,-2.4667,-78.1667,66.16,87,85,3.36,overcast clouds
235,Todos Santos,MX,23.45,-110.2167,73.65,93,28,5.06,scattered clouds
236,Coquimbo,CL,-29.9533,-71.3436,53.33,100,100,6.91,drizzle
237,Kieta,PG,-6.2167,155.6333,83.75,65,70,5.86,broken clouds
238,Canon City,US,38.441,-105.2424,80.01,39,0,9.22,clear sky
239,Victoria,HK,22.2855,114.1577,91.45,68,43,11.99,scattered clouds
240,Bilma,NE,18.6853,12.9164,86.22,35,10,8.63,clear sky
241,Vanavara,RU,60.34,102.2797,70.86,47,89,9.86,overcast clouds
242,Abbeville,FR,50.1,1.8333,57.49,76,0,5.97,clear sky
243,Arraial Do Cabo,BR,-22.9661,-42.0278,70.09,89,1,21.94,clear sky
244,Narsaq,GL,60.9167,-46.05,41.76,91,31,1.48,scattered clouds
245,Kabala,SL,9.5833,-11.55,67.93,99,86,1.43,overcast clouds
246,Ahuimanu,US,21.4447,-157.8378,83.91,75,75,20.71,broken clouds
247,Gat,IL,31.61,34.7642,79.48,100,2,4.79,clear sky
248,Muros,ES,42.7762,-9.0603,67.98,68,71,5.23,broken clouds
249,Minab,IR,27.1467,57.0801,97.12,49,32,2.3,scattered clouds
250,Korla,CN,41.7597,86.1469,92.53,12,80,1.07,broken clouds
251,Shingu,JP,33.7333,135.9833,82.56,72,69,4.63,broken clouds
252,Chunoyar,RU,57.4467,97.3217,75.15,42,100,4.88,overcast clouds
253,Solaro,IT,44.8799,9.1732,68.4,75,19,0.72,few clouds
254,Chokurdakh,RU,70.6333,147.9167,67.01,32,14,13.53,few clouds
255,Porto Novo,BJ,6.4965,2.6036,76.82,94,100,4.03,moderate rain
256,Aklavik,CA,68.2191,-135.0107,55.2,66,24,15.46,few clouds
257,Paliyad,IN,22.25,71.5667,84.49,72,99,17.4,overcast clouds
258,Aleksandrov Gay,RU,50.147,48.5704,86.76,31,17,12.37,few clouds
259,Takoradi,GH,4.8845,-1.7554,74.23,88,100,7.9,light rain
260,Pringsewu,ID,-5.3582,104.9744,85.95,60,37,4.56,scattered clouds
261,Tapes,BR,-30.6733,-51.3958,61.23,93,58,8.21,broken clouds
262,Dunda,TZ,-8.1167,34.25,63.27,53,0,7.58,clear sky
263,College,US,64.8569,-147.8028,67.98,74,20,0.0,haze
264,Iqaluit,CA,63.7506,-68.5145,35.33,100,100,5.01,mist
265,Porto Velho,BR,-8.7619,-63.9039,73.45,94,0,2.3,clear sky
266,Codrington,AU,-38.2667,141.9667,55.54,66,55,9.69,broken clouds
267,Sao Geraldo Do Araguaia,BR,-6.4006,-48.555,71.69,60,9,2.06,clear sky
268,Baytown,US,29.7355,-94.9774,87.24,81,19,1.01,few clouds
269,Tazovskiy,RU,67.4667,78.7,53.64,67,55,9.42,broken clouds
270,Paragominas,BR,-2.9667,-47.4833,70.21,82,9,2.3,clear sky
271,Morro Bay,US,35.3658,-120.8499,74.28,69,12,3.98,few clouds
272,Antalaha,MG,-14.9003,50.2788,70.07,86,67,16.44,light rain
273,Felanitx,ES,39.4696,3.1483,76.14,52,0,2.19,clear sky
274,Sorland,NO,67.667,12.6934,55.26,83,0,2.89,clear sky
275,Acapulco,MX,16.8634,-99.8901,78.42,91,96,7.83,overcast clouds
276,Tuatapere,NZ,-46.1333,167.6833,38.16,84,6,2.75,clear sky
277,Kruisfontein,ZA,-34.0033,24.7314,55.89,84,40,6.38,scattered clouds
278,Bairnsdale,AU,-37.8333,147.6167,55.06,77,32,3.0,scattered clouds
279,Farah,AF,32.5,62.5,93.18,8,0,4.56,clear sky
280,Tymovskoye,RU,50.8456,142.655,81.88,58,26,11.56,scattered clouds
281,Libreville,GA,0.3925,9.4537,72.5,80,99,6.58,overcast clouds
282,Padang,ID,-0.9492,100.3543,86.05,65,44,6.44,scattered clouds
283,Borger,NL,52.9233,6.7931,59.81,82,63,10.69,broken clouds
284,Vila Franca Do Campo,PT,37.7167,-25.4333,67.19,79,40,5.17,scattered clouds
285,Kamenka,RU,51.3223,42.7678,79.54,39,75,12.64,broken clouds
286,San Vicente,AR,-26.6167,-54.1333,66.47,58,90,7.0,overcast clouds
287,Raychikhinsk,RU,49.7838,129.4121,76.59,58,32,9.42,scattered clouds
288,Newcastle,AU,-32.9272,151.7765,59.72,93,100,14.0,light intensity shower rain
289,Magadan,RU,59.5667,150.8,76.53,71,41,7.54,scattered clouds
290,Isangel,VU,-19.55,169.2667,82.51,69,20,6.91,few clouds
291,Cantaura,VE,9.3057,-64.3584,74.28,88,89,8.57,overcast clouds
292,Kisangani,CD,0.5167,25.2,73.36,85,73,1.68,broken clouds
293,Shepsi,RU,44.0361,39.1489,77.09,70,1,5.08,clear sky
294,Meadow Lake,US,34.8014,-106.5436,77.68,57,97,2.37,overcast clouds
295,Zamora,EC,-4.0692,-78.9567,62.82,98,95,2.51,overcast clouds
296,Vardo,NO,70.3705,31.1107,51.78,87,60,4.61,broken clouds
297,Nome,US,64.5011,-165.4064,67.15,59,0,17.27,clear sky
298,Ambovombe,MG,-25.1667,46.0833,66.9,61,0,5.7,clear sky
299,Xacmaz,AZ,41.4635,48.806,89.46,27,0,10.87,clear sky
300,Marzuq,YE,14.4,46.4667,83.64,32,100,12.71,overcast clouds
301,Katobu,ID,-4.9408,122.5276,85.01,63,38,9.33,scattered clouds
302,Le Port,RE,-20.9373,55.2919,73.36,52,37,2.59,scattered clouds
303,Springfield,US,37.2153,-93.2982,71.46,90,0,3.44,clear sky
304,Caucaia,BR,-3.7361,-38.6531,78.75,81,20,9.22,few clouds
305,Numata,JP,36.6333,139.05,87.39,68,46,0.83,scattered clouds
306,Touros,BR,-5.1989,-35.4608,74.03,89,25,11.25,scattered clouds
307,Kaeo,NZ,-35.1,173.7833,61.32,91,100,4.41,overcast clouds
308,Balfour,ZA,-26.6633,28.5902,44.58,75,0,3.91,clear sky
309,Palmeirais,BR,-5.9778,-43.0633,68.74,67,13,3.62,few clouds
310,Ouadda,CF,8.0777,22.4007,69.76,96,100,2.62,overcast clouds
311,Batemans Bay,AU,-35.7167,150.1833,57.09,71,74,9.46,broken clouds
312,Yichun,CN,47.7,128.9,81.37,40,74,10.6,broken clouds
313,Vanimo,PG,-2.6741,141.3028,83.66,70,98,7.81,overcast clouds
314,Mangrol,IN,21.1167,70.1167,82.49,81,100,21.16,overcast clouds
315,Klaksvik,FO,62.2266,-6.589,52.72,95,99,7.38,overcast clouds
316,Namibe,AO,-15.1961,12.1522,62.38,81,2,1.16,clear sky
317,Orlik,RU,52.5178,99.825,59.09,63,99,6.06,light rain
318,Price,US,39.5994,-110.8107,83.12,19,0,6.91,clear sky
319,Cidreira,BR,-30.1811,-50.2056,60.4,96,58,12.75,broken clouds
320,Qasigiannguit,GL,68.8193,-51.1922,37.62,91,98,4.12,overcast clouds
321,Sistranda,NO,63.7256,8.834,53.56,88,100,15.43,overcast clouds
322,Puerto Suarez,BO,-18.95,-57.8,71.78,54,8,3.04,clear sky
323,Lata,PT,40.1629,-8.3327,64.08,47,0,3.09,clear sky
324,San Policarpo,PH,12.1791,125.5072,83.89,80,79,4.21,broken clouds
325,Terrace,CA,54.5163,-128.6035,58.91,82,75,13.8,broken clouds
326,Nyagan,RU,62.1406,65.3936,79.47,48,60,4.97,broken clouds
327,Riyadh,SA,24.6877,46.7219,93.34,8,100,10.09,overcast clouds
328,Sao Joao Da Barra,BR,-21.6403,-41.0511,70.34,88,9,13.24,clear sky
329,Guayaramerin,BO,-10.8368,-65.3614,72.55,68,37,1.74,scattered clouds
330,Cherskiy,RU,68.75,161.3,53.46,46,33,11.41,scattered clouds
331,Niquero,CU,20.0431,-77.5828,78.96,79,11,2.15,few clouds
332,Chuy,UY,-33.6971,-53.4616,60.37,93,71,12.62,broken clouds
333,Dunedin,NZ,-45.8742,170.5036,42.8,63,11,1.99,few clouds
334,Bela,IN,25.9333,81.9833,100.33,36,12,11.14,few clouds
335,Belvidere,US,42.2639,-88.8443,62.04,90,0,5.03,clear sky
336,Petropavlovsk-Kamchatskiy,RU,53.0452,158.6483,84.79,51,75,11.18,light rain
337,Santa Maria,BR,-29.6842,-53.8069,67.23,70,35,10.8,scattered clouds
338,Launceston,AU,-41.45,147.1667,51.44,71,100,4.61,overcast clouds
339,Teya,RU,60.3778,92.6267,81.79,45,59,9.73,broken clouds
340,Berlevag,NO,70.8578,29.0864,53.6,82,20,1.14,few clouds
341,Srivardhan,IN,18.0333,73.0167,80.19,82,100,16.64,overcast clouds
342,Portland,US,45.5234,-122.6762,67.93,68,40,8.05,scattered clouds
343,Pustoshka,RU,56.3355,29.369,64.65,64,86,1.48,overcast clouds
344,Tevaitoa,PF,-16.7833,-151.5,78.08,71,40,19.71,scattered clouds
345,Whitehorse,CA,60.7161,-135.0538,65.17,42,40,9.22,scattered clouds
346,Tabriz,IR,38.08,46.2919,78.26,25,0,11.5,clear sky
347,Karratha,AU,-20.7377,116.8463,76.68,16,0,9.24,clear sky
348,Sao Miguel Do Araguaia,BR,-13.275,-50.1628,68.49,44,0,5.99,clear sky
349,Lithakia,GR,37.7167,20.8333,74.57,59,0,10.67,clear sky
350,Ballina,AU,-28.8667,153.5667,63.01,60,2,7.9,clear sky
351,Acobamba,PE,-11.3525,-75.6594,49.17,87,90,1.12,overcast clouds
352,Spassk,RU,52.747,87.7545,80.28,31,12,7.92,few clouds
353,Kem,RU,64.9555,34.5793,66.11,64,56,9.51,broken clouds
354,Provideniya,RU,64.3833,-173.3,48.45,93,100,11.14,overcast clouds
355,Sendafa,ET,9.15,39.0333,54.75,83,100,5.03,light rain
356,Bloomsburg,US,41.0037,-76.4549,62.51,93,53,2.93,broken clouds
357,Margherita,IN,27.2833,95.6833,94.77,56,18,2.64,few clouds
358,Sayyan,YE,15.1718,44.3244,62.31,47,100,12.59,overcast clouds
359,Dengzhou,CN,37.8086,120.7508,75.29,86,96,14.9,overcast clouds
360,Zhanaozen,KZ,43.3,52.8,90.18,16,0,10.16,clear sky
361,Singaparna,ID,-7.3515,108.111,79.11,73,99,5.68,overcast clouds
362,Zaozerne,UA,45.1582,33.2787,76.55,58,99,7.25,overcast clouds
363,Surt,LY,31.2089,16.5887,79.32,61,0,10.36,clear sky
364,Lavrentiya,RU,65.5833,-171.0,48.65,86,100,11.41,overcast clouds
365,Mana,GF,5.6592,-53.7767,76.21,88,100,7.07,light rain
366,Soe,ID,-9.8607,124.284,68.86,83,100,6.67,overcast clouds
367,Port-Cartier,CA,50.0334,-66.8654,56.88,67,8,11.07,clear sky
368,Vila,PT,42.0304,-8.1588,58.08,50,1,4.34,clear sky
369,Panaba,MX,21.2833,-88.2667,74.44,93,29,6.62,scattered clouds
370,Dogondoutchi,NE,13.6393,4.0287,70.84,90,99,10.25,very heavy rain
371,Mendi,PG,-6.1761,143.6513,63.03,93,87,2.64,overcast clouds
372,Vestmannaeyjar,IS,63.4427,-20.2734,52.23,91,100,16.91,overcast clouds
373,Salinopolis,BR,-0.6136,-47.3561,76.87,85,65,6.38,broken clouds
374,San Patricio,US,28.017,-97.5169,84.88,84,93,10.02,overcast clouds
375,Dali,CN,25.7,100.1833,75.61,66,28,4.03,scattered clouds
376,Mazabuka,ZM,-15.856,27.748,58.86,65,5,9.33,clear sky
377,Vittoria,IT,36.9537,14.5332,75.74,51,0,3.44,clear sky
378,Kahului,US,20.8947,-156.47,78.82,74,20,23.02,few clouds
379,Algiers,DZ,36.7525,3.042,64.22,88,40,1.14,scattered clouds
380,Sakhipur,BD,24.3,90.1833,94.06,52,35,10.74,scattered clouds
381,Jiayuguan,CN,39.8167,98.3,89.65,16,76,10.45,broken clouds
382,Sumbe,AO,-11.2061,13.8437,67.39,89,91,1.92,overcast clouds
383,Abalak,RU,58.1286,68.5944,81.63,47,43,2.1,scattered clouds
384,Sheridan,US,44.8333,-106.9173,80.46,53,0,44.87,clear sky
385,Tahta,EG,26.7693,31.5021,88.43,24,15,11.23,few clouds
386,Hofn,IS,64.2539,-15.2082,50.68,93,100,11.95,overcast clouds
387,San Quintin,MX,30.4833,-115.95,66.45,87,3,11.32,clear sky
388,Aykhal,RU,66.0,111.5,66.87,42,78,9.28,broken clouds
389,Sorong,ID,-0.8833,131.25,81.52,83,28,3.11,scattered clouds
390,Zhigansk,RU,66.7697,123.3711,65.43,45,78,4.34,broken clouds
391,Kavieng,PG,-2.5744,150.7967,84.45,66,82,12.84,broken clouds
392,Barra Do Garcas,BR,-15.89,-52.2567,64.96,54,1,3.56,clear sky
393,Krasnoturansk,RU,54.3186,91.5639,72.63,43,19,7.7,few clouds
394,Vostok,RU,46.4856,135.8833,75.09,69,63,5.95,broken clouds
395,Loa Janan,ID,-0.583,117.095,89.15,63,75,2.84,broken clouds
396,Mvuma,ZW,-19.2792,30.5283,52.5,62,0,6.98,clear sky
397,Aswan,EG,24.0934,32.907,83.5,23,0,5.75,clear sky
398,Bo Phloi,TH,14.3236,99.5161,79.12,79,100,5.55,overcast clouds
399,Coihaique,CL,-45.5752,-72.0662,35.55,93,100,5.75,moderate rain
400,Robertsport,LR,6.7533,-11.3686,77.05,84,97,13.31,moderate rain
401,Basco,PH,20.4487,121.9702,84.76,75,93,13.2,overcast clouds
402,Lagoa,PT,39.05,-27.9833,67.32,70,98,8.12,overcast clouds
403,Mapimi,MX,25.8167,-103.85,80.69,40,62,8.05,broken clouds
404,Laje,BR,-10.1833,-40.9667,65.59,84,84,11.18,broken clouds
405,Wahiawa,US,21.5028,-158.0236,76.77,72,75,4.61,broken clouds
406,Campoverde,PE,-8.4753,-74.8058,77.38,76,97,2.13,overcast clouds
407,Yining,CN,29.0361,114.5636,99.61,43,16,6.51,few clouds
408,Aquiraz,BR,-3.9014,-38.3911,78.89,85,60,12.17,broken clouds
409,Praia Da Vitoria,PT,38.7333,-27.0667,65.75,82,75,7.61,broken clouds
410,Paamiut,GL,61.994,-49.6678,39.87,94,51,17.18,broken clouds
411,Severnyy,RU,50.677,36.5532,73.44,56,0,6.71,clear sky
412,Bongandanga,CD,1.5,21.05,74.89,78,64,2.82,broken clouds
413,Tolmachevo,RU,54.9824,82.7363,80.58,47,20,11.18,few clouds
414,Ialibu,PG,-6.2821,143.9935,64.31,89,84,2.77,light rain
415,Stromness,GB,58.965,-3.296,53.56,92,100,15.01,overcast clouds
416,Sabha,LY,27.0377,14.4283,81.54,45,4,17.25,clear sky
417,Buraydah,SA,26.326,43.975,91.85,5,68,8.23,broken clouds
418,Kirovskiy,RU,45.0917,133.5136,79.03,67,98,1.95,light rain
419,Kupang,ID,-10.1667,123.5833,81.52,67,85,15.82,overcast clouds
420,Kondoa,TZ,-4.9,35.7833,62.06,57,0,5.93,clear sky
421,Mackenzie,CA,55.2999,-123.1698,57.42,82,75,2.3,broken clouds
422,Tanout,NE,14.9709,8.8879,80.56,50,91,11.61,overcast clouds
423,Veraval,IN,20.9,70.3667,82.49,81,100,20.98,overcast clouds
424,Qingdao,CN,36.0986,120.3719,85.6,58,0,6.71,clear sky
425,Swan Hill,AU,-35.3378,143.5544,58.5,48,0,6.58,clear sky
426,Suzun,RU,53.7841,82.3116,82.13,36,25,11.92,scattered clouds
427,Twentynine Palms,US,34.1356,-116.0542,93.34,16,4,4.68,clear sky
428,Abu Kamal,SY,34.4506,40.9171,88.97,22,0,20.07,clear sky
429,Farafangana,MG,-22.8167,47.8333,71.44,68,50,10.09,scattered clouds
430,Seidu,SL,9.0167,-10.6,67.89,99,100,2.75,overcast clouds
431,Garowe,SO,8.4054,48.4845,80.65,45,55,32.39,broken clouds
432,Zyryanka,RU,65.75,150.85,70.02,43,39,11.05,scattered clouds
433,Warragul,AU,-38.1667,145.9333,58.44,71,0,8.99,clear sky
434,Juegang,CN,32.3174,121.1855,89.91,65,86,5.32,overcast clouds
435,Makinsk,KZ,52.6292,70.4169,76.59,45,58,14.9,broken clouds
436,Kingisepp,RU,59.3733,28.6134,64.98,68,77,2.62,broken clouds
437,Bonavista,CA,48.6499,-53.1147,51.6,88,18,14.07,few clouds
438,Kisaran,ID,2.9845,99.6158,90.97,50,96,3.74,overcast clouds
439,Gharghoda,IN,22.1667,83.35,88.48,60,68,10.8,broken clouds
440,Westerland,DE,54.9079,8.3033,58.01,67,75,25.32,broken clouds
441,Totness,SR,5.8833,-56.3167,75.47,92,100,2.59,overcast clouds
442,Maningrida,AU,-12.0667,134.2667,82.53,44,21,8.32,few clouds
443,Hauterive,FR,46.0901,3.4459,63.36,78,3,2.51,clear sky
444,Sol-Iletsk,RU,51.1631,54.9918,79.23,49,0,8.41,clear sky
445,Manta,EC,-0.95,-80.7333,71.38,88,40,9.22,scattered clouds
446,Manono,CD,-7.3,27.4167,72.55,45,3,4.61,clear sky
447,Kande,TG,9.9578,1.0447,71.56,95,85,6.89,overcast clouds
448,Guican,CO,6.4618,-72.4113,48.49,86,99,4.94,overcast clouds
449,Tapejara,BR,-28.0681,-52.0139,55.22,91,65,5.59,broken clouds
450,Vicuna,CL,-30.0319,-70.7081,51.76,80,100,1.21,overcast clouds
451,Uyar,RU,55.81,94.3153,72.03,53,75,4.56,broken clouds
452,Nezhinka,RU,51.7676,55.3694,80.76,57,0,2.24,clear sky
453,Yorosso,ML,12.3536,-4.7761,73.81,82,94,8.86,overcast clouds
454,Port Pirie,AU,-33.1833,138.0167,57.7,48,97,11.61,overcast clouds
455,Pergamino,AR,-33.89,-60.5736,56.17,87,41,4.18,scattered clouds
456,Pevek,RU,69.7008,170.3133,32.14,97,100,14.97,overcast clouds
457,Pedernales,DO,18.0384,-71.744,79.9,65,99,5.37,overcast clouds
458,Broken Hill,AU,-31.95,141.4333,55.0,41,7,8.41,clear sky
459,Fare,PF,-16.7,-151.0167,78.4,72,76,21.25,broken clouds
460,Neiafu,TO,-18.65,-173.9833,79.48,78,75,11.5,broken clouds
461,Antigonish,CA,45.6169,-61.9986,60.82,88,22,7.18,few clouds
462,Young,UY,-32.6833,-57.6333,69.24,64,0,19.24,clear sky
463,Beyneu,KZ,45.3167,55.2,90.45,20,2,5.66,clear sky
464,Fort Nelson,CA,58.8053,-122.7002,60.39,72,100,4.61,overcast clouds
465,Farmington,US,36.7281,-108.2187,80.71,36,9,8.99,clear sky
466,Maputo,MZ,-25.9653,32.5892,62.22,90,40,5.99,scattered clouds
467,Mogadishu,SO,2.0371,45.3438,80.47,69,75,19.57,broken clouds
468,Manggar,ID,-2.8833,108.2667,84.83,65,82,10.25,broken clouds
469,Meulaboh,ID,4.1363,96.1285,84.04,65,100,4.09,overcast clouds
470,Tilichiki,RU,60.4667,166.1,64.78,50,13,16.02,few clouds
471,Faya,SA,18.3851,42.4509,68.52,32,100,10.09,light rain
472,Biloela,AU,-24.4167,150.5,59.76,43,0,15.21,clear sky
473,Varberg,SE,57.1056,12.2508,61.23,72,31,13.4,scattered clouds
474,Coos Bay,US,43.3665,-124.2179,60.78,94,0,3.44,clear sky
475,Salalah,OM,17.0151,54.0924,77.61,95,100,11.9,light rain
476,Grindavik,IS,63.8424,-22.4338,49.95,100,100,17.27,overcast clouds
477,Mpulungu,ZM,-8.7623,31.1141,71.19,49,2,6.29,clear sky
478,Solnechnyy,RU,50.7214,136.6319,80.04,56,100,11.14,overcast clouds
479,Gambiran,ID,-6.7988,111.4951,86.29,53,27,6.08,scattered clouds
480,Flin Flon,CA,54.7682,-101.865,63.16,85,31,2.44,scattered clouds
481,Namatanai,PG,-3.6667,152.4333,84.02,66,57,9.13,broken clouds
482,Xixiang,CN,35.1628,112.865,91.96,51,73,15.1,moderate rain
483,Constitucion,CL,-35.3333,-72.4167,50.16,85,100,5.95,overcast clouds
484,Vila Velha,BR,-20.3297,-40.2925,66.94,96,75,2.3,broken clouds
485,Impfondo,CG,1.6381,18.0667,73.35,87,41,4.38,scattered clouds
486,Baymak,RU,52.5933,58.3225,67.73,73,73,3.29,light rain
487,Shibetsu,JP,43.659,145.132,61.5,100,75,11.5,mist
488,Stephenville,US,32.2207,-98.2023,83.77,71,40,0.0,scattered clouds
489,Vilyuysk,RU,63.7553,121.6247,64.33,81,100,3.4,light rain
490,Harrisonburg,US,38.4496,-78.8689,66.61,89,100,3.49,overcast clouds
491,Kinsale,IE,51.7075,-8.5306,62.24,94,75,5.75,broken clouds
492,Huejuquilla El Alto,MX,22.6,-103.8667,71.64,64,62,2.13,broken clouds
493,Morant Bay,JM,17.8815,-76.4093,82.02,84,100,9.91,overcast clouds
494,Loei,TH,17.4167,101.5,69.17,87,100,1.36,overcast clouds
495,Maniitsoq,GL,65.4167,-52.9,38.97,91,100,4.32,overcast clouds
496,Mandalgovi,MN,45.7625,106.2708,77.72,27,12,13.8,few clouds
497,Poum,NC,-20.2333,164.0167,78.31,83,35,18.19,scattered clouds
498,Tancheng,CN,27.4375,115.4976,97.65,47,11,6.91,few clouds
499,Silver City,US,32.7701,-108.2803,69.76,65,100,8.05,overcast clouds
500,Trincomalee,LK,8.5711,81.2335,91.09,53,97,13.49,overcast clouds
501,Linxi,CN,39.7,118.4333,75.67,73,96,3.11,overcast clouds
502,Porto Santo,PT,33.072,-16.3415,66.58,88,75,24.16,broken clouds
503,Itaberai,BR,-16.0203,-49.8103,62.15,56,0,5.68,clear sky
504,Ketchikan,US,55.3422,-131.6461,57.67,94,100,10.36,moderate rain
505,Naze,JP,28.3667,129.4833,86.92,78,3,8.72,clear sky
506,Staffanstorp,SE,55.6428,13.2064,62.87,78,75,14.97,broken clouds
507,Half Moon Bay,US,37.4636,-122.4286,64.8,86,100,17.27,mist
508,Nsanje,MW,-16.92,35.262,67.19,75,4,3.69,clear sky
509,Pundaguitan,PH,6.3711,126.1689,84.31,66,84,3.31,broken clouds
510,Port Blair,IN,11.6667,92.75,84.24,84,100,10.36,drizzle
511,Itea,GR,38.4333,22.4167,80.01,57,8,2.64,clear sky
512,Balikpapan,ID,-1.2675,116.8289,83.12,73,72,5.08,broken clouds
513,Svetlogorsk,BY,52.6333,29.7333,59.09,93,80,7.52,broken clouds
514,Inverness,GB,57.4791,-4.224,60.8,84,47,10.36,scattered clouds
515,Montes Altos,BR,-5.8333,-47.0667,70.39,56,3,4.47,clear sky
516,Tual,ID,-5.6667,132.75,79.95,82,62,22.19,broken clouds
517,Bauru,BR,-22.3147,-49.0606,59.83,79,11,5.01,few clouds
518,Qena,EG,26.1615,32.7183,92.26,19,20,14.27,few clouds
519,Rio Gallegos,AR,-51.6226,-69.2181,15.85,92,0,10.36,clear sky
520,Medicine Hat,CA,50.0501,-110.6683,72.03,64,100,11.5,light rain
521,Biltine,TD,14.5333,20.9167,83.62,47,25,13.24,scattered clouds
522,Lazaro Cardenas,MX,17.9583,-102.2,79.12,87,83,3.8,broken clouds
523,Lively,CA,46.4334,-81.1498,59.92,81,30,5.06,scattered clouds
524,Hammerfest,NO,70.6634,23.6821,55.85,71,0,8.05,clear sky
525,Pomezia,IT,41.667,12.5052,74.14,55,20,9.22,few clouds
526,Mitu,CO,1.1983,-70.1733,71.11,99,100,1.79,overcast clouds
527,Redcliffe,AU,-27.2307,153.0973,68.14,59,75,8.05,broken clouds
528,Alice Springs,AU,-23.7,133.8833,60.35,27,0,8.05,clear sky
529,Piacabucu,BR,-10.4056,-36.4344,73.47,82,26,11.79,scattered clouds
530,Camana,PE,-16.6228,-72.7111,60.64,87,66,6.17,broken clouds
531,Ayia Anna,CY,34.9399,33.4843,80.65,77,0,5.75,clear sky
532,Karpathos,GR,35.507,27.2132,73.36,78,75,19.57,broken clouds
533,Along,IN,28.1667,94.7667,95.65,49,30,2.19,scattered clouds
534,Ambilobe,MG,-13.2,49.05,79.38,43,13,11.86,few clouds
535,Ilam,NP,26.9167,87.9167,81.66,72,21,6.51,few clouds
536,Port Macquarie,AU,-31.4333,152.9167,54.5,91,33,11.1,scattered clouds
537,Puro,PH,12.4841,123.3827,85.46,72,91,6.69,overcast clouds
538,Walvis Bay,NA,-22.9575,14.5053,49.08,87,0,6.91,clear sky
539,Vernon Hills,US,42.2181,-87.9651,66.65,84,1,4.56,clear sky
540,Callaway,US,30.153,-85.5699,84.9,86,40,11.5,scattered clouds
541,Kasongo-Lunda,CD,-6.4667,16.8167,66.02,48,34,0.49,scattered clouds
542,Nykoping,SE,58.753,17.0079,57.06,71,0,9.22,clear sky
543,Flagstaff,US,35.1981,-111.6513,75.58,44,100,8.05,overcast clouds
544,Beloha,MG,-25.1667,45.05,68.14,52,0,12.03,clear sky
545,Atar,MR,20.5169,-13.0499,83.89,43,0,4.92,clear sky
546,Tucupita,VE,9.0622,-62.051,73.63,99,100,2.08,overcast clouds
547,Itoman,JP,26.1247,127.6694,92.17,76,20,11.5,few clouds
548,Hay River,CA,60.8156,-115.7999,60.78,88,75,2.3,broken clouds
549,Kamaishi,JP,39.2667,141.8833,76.32,88,89,3.76,overcast clouds
550,Belgrade,RS,44.804,20.4651,66.24,69,0,11.5,clear sky
551,Burley,US,42.5357,-113.7928,73.29,54,1,7.0,clear sky
552,Broome,US,42.2506,-75.833,53.71,93,0,2.91,clear sky
553,Weinan,CN,34.5036,109.5089,108.16,24,47,12.33,scattered clouds
554,Mineiros,BR,-17.5694,-52.5511,63.37,50,0,4.41,clear sky
555,Vaitape,PF,-16.5167,-151.75,78.53,72,65,19.28,broken clouds
556,Pereira Barreto,BR,-20.6383,-51.1092,65.23,47,0,7.29,clear sky
557,Savannah Bight,HN,16.45,-85.85,82.22,77,7,17.34,clear sky
558,Mabaruma,GY,8.2,-59.7833,73.98,99,99,2.73,overcast clouds
559,Antanifotsy,MG,-19.65,47.3167,50.4,82,97,12.03,overcast clouds
560,Makushino,RU,55.2103,67.2442,77.38,54,81,5.68,broken clouds
561,Prestea,GH,5.4327,-2.1428,71.94,92,100,2.33,overcast clouds
562,Olga,RU,43.7444,135.2892,72.75,69,37,5.28,scattered clouds
563,Port-Gentil,GA,-0.7193,8.7815,72.39,77,74,10.02,broken clouds
564,Zarechnyy,RU,53.2036,45.1923,79.97,46,52,7.2,broken clouds
565,Santa Marta,CO,11.2408,-74.199,83.89,73,40,13.0,scattered clouds
566,Altay,CN,47.8667,88.1167,70.36,47,75,9.37,broken clouds
567,Nouadhibou,MR,20.931,-17.0347,67.98,94,75,9.22,broken clouds
568,Viedma,AR,-40.8135,-62.9967,47.5,62,100,6.35,overcast clouds
569,Marshall,US,34.3834,-86.3333,75.51,94,75,3.44,broken clouds
570,Pareora,NZ,-44.4871,171.2132,40.17,60,100,3.96,overcast clouds
571,Selma,US,36.5708,-119.6121,84.25,43,0,8.05,clear sky
572,Nancha,CN,47.1333,129.2667,86.5,34,15,7.07,few clouds
573,Tessalit,ML,20.1986,1.0114,87.13,13,35,7.81,scattered clouds
574,Puerto Escondido,MX,15.85,-97.0667,79.05,87,74,5.23,broken clouds
575,Olbia,IT,40.9214,9.4856,71.65,46,0,1.14,clear sky
576,Sao Felix Do Xingu,BR,-6.6447,-51.995,69.84,70,33,0.4,scattered clouds
577,Kirakira,SB,-10.4544,161.9205,82.15,76,55,5.48,broken clouds
578,Richards Bay,ZA,-28.783,32.0377,64.2,68,0,14.12,clear sky
579,Coronado,US,32.6859,-117.1831,73.42,86,4,8.01,clear sky
580,Owando,CG,-0.4819,15.8999,73.11,78,48,3.71,scattered clouds
581,Hamilton,US,39.1834,-84.5333,68.63,84,2,5.82,clear sky
582,Prince Rupert,CA,54.3161,-130.3201,57.29,89,100,20.71,light rain
583,Douentza,ML,14.9951,-2.9517,84.36,57,97,13.15,overcast clouds
584,Saint-Denis,FR,48.9167,2.3333,63.37,74,0,11.5,clear sky
585,Bronnoysund,NO,65.4625,12.1997,55.4,82,20,8.05,few clouds
586,Westport,US,41.1415,-73.3579,70.75,85,0,4.61,clear sky
587,Anadyr,RU,64.75,177.4833,57.7,94,75,6.71,light rain
588,Ormara,PK,25.2088,64.6357,83.5,80,69,5.19,broken clouds
589,Quezon,PH,7.7303,125.0989,80.56,89,80,5.88,broken clouds
590,Ampanihy,MG,-24.7,44.75,67.44,49,0,9.06,clear sky
591,Nelson Bay,AU,-32.7167,152.15,60.01,97,91,20.83,light rain
592,Monrovia,LR,6.3005,-10.7969,76.01,82,100,12.17,overcast clouds
593,Belle Glade,US,26.6845,-80.6676,81.05,88,3,7.81,clear sky
594,Yarada,IN,17.65,83.2667,86.32,74,75,10.36,broken clouds
595,Srednekolymsk,RU,67.45,153.6833,64.13,37,25,2.33,scattered clouds
596,Lesnoy,RU,57.6198,63.0784,82.04,53,37,3.33,scattered clouds
597,Benguela,AO,-12.5763,13.4055,67.73,90,34,1.39,scattered clouds
598,Saint-Georges,GD,12.0564,-61.7485,80.28,89,75,19.57,broken clouds
599,Yekaterinoslavka,RU,50.3734,129.1139,68.25,81,36,11.59,scattered clouds
600,Porangatu,BR,-13.4408,-49.1486,67.17,42,0,3.09,clear sky
601,Alta Floresta,BR,-9.8756,-56.0861,68.99,65,62,2.89,broken clouds
602,Coxim,BR,-18.5067,-54.76,68.88,52,6,3.11,clear sky
603,Luanda,AO,-8.8368,13.2343,69.8,83,100,5.75,overcast clouds
604,Jishou,CN,28.3167,109.7167,95.32,51,20,7.85,few clouds
605,Bayonet Point,US,28.3267,-82.6834,84.94,87,93,7.58,overcast clouds
606,Quatre Cocos,MU,-20.2078,57.7625,73.09,57,83,22.26,broken clouds
607,Voloshka,RU,61.3314,40.0858,66.81,65,90,3.85,overcast clouds
608,Zhangye,CN,38.9342,100.4517,91.24,21,98,9.15,overcast clouds
609,Dwarka,IN,22.2394,68.9678,82.78,81,100,23.67,overcast clouds
610,Ratnagiri,IN,16.9833,73.3,79.86,82,100,18.07,overcast clouds
611,Tsabong,BW,-26.0217,22.401,51.62,50,0,11.43,clear sky
612,Manaure,CO,11.7751,-72.4445,81.21,75,100,22.7,overcast clouds
613,Ginir,ET,7.1333,40.7,57.52,79,99,10.54,overcast clouds
614,Muravlenko,RU,63.7898,74.523,68.94,50,73,3.4,broken clouds
615,Ostrovnoy,RU,68.0531,39.5131,54.84,75,83,8.1,broken clouds
616,Cape Canaveral,US,28.4058,-80.6048,81.01,83,20,9.22,few clouds
617,Teguise,ES,29.0605,-13.564,79.02,47,40,10.36,scattered clouds
618,Diplo,PK,24.4667,69.584,88.81,66,97,13.18,overcast clouds
619,Borovoy,RU,55.4333,86.0833,79.88,47,0,6.71,clear sky
620,Gimli,CA,50.6336,-96.9907,71.62,94,0,5.75,clear sky
621,Bathsheba,BB,13.2167,-59.5167,83.01,92,75,20.71,broken clouds
622,Thinadhoo,MV,0.5333,72.9333,82.76,74,85,11.77,overcast clouds
623,Mehamn,NO,71.0357,27.8492,53.55,87,98,4.61,overcast clouds
624,Camacha,PT,33.0833,-16.3333,63.82,88,75,24.16,broken clouds
625,Murygino,RU,58.7383,49.4582,74.97,60,25,4.9,scattered clouds
626,Pangnirtung,CA,66.1451,-65.7125,45.05,81,82,2.39,broken clouds
627,Gizo,SB,-8.103,156.8419,83.48,64,20,3.8,few clouds
628,Qaqortoq,GL,60.7167,-46.0333,40.91,94,25,0.2,scattered clouds
629,Marivan,IR,35.5219,46.176,90.68,16,0,8.21,clear sky
630,Raudeberg,NO,61.9875,5.1352,48.87,80,90,5.53,overcast clouds
631,Chapada Dos Guimaraes,BR,-15.4606,-55.7497,62.26,48,4,6.22,clear sky
632,Sao Cristovao,BR,-11.0147,-37.2064,75.11,78,75,19.57,broken clouds
633,Soubre,CI,5.7856,-6.6083,67.84,98,100,2.26,overcast clouds
634,Hambantota,LK,6.1241,81.1185,91.74,55,40,16.11,scattered clouds
635,Eskil,TR,38.4017,33.4131,72.88,55,0,9.91,clear sky
636,Pingliang,CN,35.5392,106.6861,91.31,38,31,8.08,scattered clouds
637,Guerrero Negro,MX,27.9769,-114.0611,67.75,84,21,12.64,few clouds
638,Okahandja,NA,-21.9833,16.9167,42.35,80,0,4.45,clear sky
639,Mwinilunga,ZM,-11.7358,24.4293,56.35,60,18,4.32,few clouds
640,Binzhou,CN,37.3667,118.0167,81.79,65,100,12.64,overcast clouds
641,Araouane,ML,18.9048,-3.5265,90.46,23,100,7.74,overcast clouds
642,Pombas,CV,17.1503,-25.0201,71.38,82,81,8.99,broken clouds
643,Aubenas,FR,44.6201,4.3899,67.44,59,2,6.04,clear sky
644,Abha,SA,18.2164,42.5053,68.25,30,75,6.91,broken clouds
645,Alot,IN,23.7667,75.55,86.94,63,96,9.93,overcast clouds
646,Kearns,US,40.66,-111.9963,81.95,22,0,8.05,clear sky
647,Gazanjyk,TM,39.2446,55.5154,92.35,16,0,16.93,clear sky
648,Elverum,NO,60.8819,11.5623,55.4,57,81,10.22,broken clouds
649,Alexandria,EG,31.2156,29.9553,82.36,65,40,9.22,scattered clouds
650,Epe,NG,6.5841,3.9834,72.5,97,100,2.86,light rain
651,Tautira,PF,-17.7333,-149.15,77.04,75,93,21.14,light rain
652,Jalingo,NG,8.8833,11.3667,73.83,91,99,6.87,overcast clouds
653,Dzaoudzi,YT,-12.7887,45.2699,78.69,65,40,12.66,scattered clouds
654,Oistins,BB,13.0667,-59.5333,82.49,78,75,20.71,broken clouds
655,Saldanha,ZA,-33.0117,17.9442,55.45,93,100,8.08,light rain
656,Lavras,BR,-21.2453,-44.9997,53.06,81,19,5.5,few clouds
657,Talnakh,RU,69.4865,88.3972,51.21,51,40,16.93,scattered clouds
658,Hobyo,SO,5.3505,48.5268,79.65,66,82,27.13,broken clouds
659,Christchurch,NZ,-43.5333,172.6333,44.91,77,100,3.44,overcast clouds
660,Baracoa,CU,20.3467,-74.4958,77.79,88,100,2.68,overcast clouds
661,Puerto Cabezas,NI,14.0351,-83.3888,76.84,91,66,9.84,broken clouds
662,Kaitangata,NZ,-46.2817,169.8464,39.06,84,12,2.01,few clouds
663,Bam,IR,29.106,58.357,98.15,6,25,10.22,scattered clouds
664,Choix,MX,26.7092,-108.3219,81.25,64,100,3.31,overcast clouds
665,Concepcion,CL,-36.827,-73.0498,46.2,93,75,3.44,broken clouds
666,Varkaus,FI,62.3153,27.873,67.3,83,42,5.93,scattered clouds
667,Nenjiang,CN,49.1833,125.2167,78.8,47,83,14.83,broken clouds
668,Semiletka,RU,55.3603,54.6153,76.93,63,15,4.68,few clouds
669,Moustheni,GR,40.8667,24.1167,69.46,58,51,4.09,broken clouds
670,Ewing,US,40.2698,-74.7999,69.46,90,99,1.23,overcast clouds
671,Lincoln,US,40.8,-96.667,76.12,84,0,4.0,clear sky
672,Mago,RU,53.2514,140.1822,92.25,40,57,10.27,broken clouds
673,Arroyo,ES,41.6096,-4.7969,62.6,69,0,4.61,clear sky
674,Buchanan,LR,5.8808,-10.0467,75.36,83,100,11.03,overcast clouds
675,Darhan,MN,49.4867,105.9228,70.66,48,99,8.61,overcast clouds
676,Kennewick,US,46.2113,-119.1372,74.41,42,54,4.94,broken clouds
677,Inta,RU,66.0317,60.1659,69.26,46,85,8.95,overcast clouds
678,Yatou,CN,37.15,122.3833,84.54,57,38,11.52,moderate rain
679,Kenai,US,60.5544,-151.2583,64.49,88,100,5.75,overcast clouds
680,Rodrigues Alves,BR,-7.738,-72.6509,74.88,80,73,1.19,broken clouds
681,Kjollefjord,NO,70.9457,27.3465,53.42,87,77,4.61,broken clouds
682,Pizarro,CO,4.9533,-77.366,76.51,90,100,2.33,moderate rain
683,Kuloy,RU,61.0305,42.4925,72.41,49,88,6.29,overcast clouds
684,Yandyki,RU,45.7691,47.1258,90.55,20,3,14.67,clear sky
685,Odienne,CI,9.51,-7.5692,68.38,99,100,2.98,overcast clouds
686,Gladstone,AU,-23.85,151.25,66.13,32,0,8.05,clear sky
687,Murgab,TM,37.4966,61.9714,93.07,29,0,4.61,clear sky
688,Sidi Ali,DZ,36.0998,0.4206,70.39,75,0,1.54,clear sky
689,Dhone,IN,15.4167,77.8833,75.36,81,100,21.18,overcast clouds
690,Myitkyina,MM,25.3833,97.4,95.05,52,29,3.11,scattered clouds
